Horizon_h,Model,Task,RMSE,MAE,R2,Recall,Precision,F1
1,Persistence,AQI,3.6532337144044686,2.5619548663990033,0.9990401759910428,,,
1,Persistence,Hazard,,,,0.9841521394611727,0.9841521394611727,0.9841521394611727
1,XGBoost_noweather,AQI,2.9888508229808024,2.0159369341073465,0.9993575413598611,,,
1,XGBoost_noweather,Hazard,,,,0.9952456418383518,0.988976377952756,0.9921011058451816
1,XGBoost_weather,AQI,2.8378220237168255,1.9643820148758797,0.9994208287372582,,,
1,XGBoost_weather,Hazard,,,,0.9984152139461173,0.989010989010989,0.9936908517350158
6,Persistence,AQI,18.43271700186613,13.482901841340164,0.9755620183767076,,,
6,Persistence,Hazard,,,,0.9144215530903328,0.9144215530903328,0.9144215530903328
6,XGBoost_noweather,AQI,15.940811566931817,11.915353816062112,0.981722891949601,,,
6,XGBoost_noweather,Hazard,,,,0.9587955625990491,0.9497645211930926,0.9542586750788643
6,XGBoost_weather,AQI,15.340153308984831,11.73800822860855,0.9830743240047161,,,
6,XGBoost_weather,Hazard,,,,0.9572107765451664,0.9320987654320988,0.944487881157154
24,Persistence,AQI,49.82920573191727,36.43666066731275,0.8216172479563826,,,
24,Persistence,Hazard,,,,0.7099841521394612,0.7099841521394612,0.7099841521394612
24,XGBoost_noweather,AQI,49.51465120686766,38.36888632467026,0.8238622765914697,,,
24,XGBoost_noweather,Hazard,,,,0.7559429477020603,0.621903520208605,0.6824034334763949
24,XGBoost_weather,AQI,48.72993033610441,37.70025404672371,0.8294009880519325,,,
24,XGBoost_weather,Hazard,,,,0.7828843106180665,0.674863387978142,0.7248716067498165
